<?xml version="1.0" encoding="UTF-8"?>

<!--
   Licensed to the Apache Software Foundation (ASF) under one
   or more contributor license agreements.  See the NOTICE file
   distributed with this work for additional information
   regarding copyright ownership.  The ASF licenses this file
   to you under the Apache License, Version 2.0 (the
   "License"); you may not use this file except in compliance
   with the License.  You may obtain a copy of the License at

     http://www.apache.org/licenses/LICENSE-2.0

   Unless required by applicable law or agreed to in writing,
   software distributed under the License is distributed on an
   "AS IS" BASIS, WITHOUT WARRANTIES OR CONDITIONS OF ANY
   KIND, either express or implied.  See the License for the
   specific language governing permissions and limitations
   under the License.    
-->

<typeSystemDescription xmlns="http://uima.apache.org/resourceSpecifier">
	<name>Apache OpenNLP TypeSystem</name>
	<description>
		This is the default OpenNLP type system. All the sample
		descriptors reference the types in this type system. To replace it against
		a custom type system change the mapping in the descriptors to the
		custom types and reference the custom type system.
	</description>
	<version>${pom.version}</version>
	<vendor>Apache Software Foundation</vendor>
	<types>
		<typeDescription>
			<name>opennlp.uima.Sentence</name>
			<supertypeName>uima.tcas.Annotation</supertypeName>
		</typeDescription>

		<typeDescription>
			<name>opennlp.uima.Token</name>
			<supertypeName>uima.tcas.Annotation
			</supertypeName>
			<features>
				<featureDescription>
					<name>pos</name>
					<description>Part of speech</description>
					<rangeTypeName>uima.cas.String</rangeTypeName>
				</featureDescription>
			</features>
		</typeDescription>

		<typeDescription>
			<name>opennlp.uima.Chunk</name>
			<supertypeName>uima.tcas.Annotation</supertypeName>
			<features>
				<featureDescription>
					<name>chunkType</name>
					<description></description>
					<rangeTypeName>uima.cas.String</rangeTypeName>
				</featureDescription>
			</features>
		</typeDescription>
		
		<typeDescription>
			<name>opennlp.uima.Person</name>
			<supertypeName>uima.tcas.Annotation</supertypeName>
		</typeDescription>

		<typeDescription>
			<name>opennlp.uima.Organization</name>
			<supertypeName>uima.tcas.Annotation</supertypeName>
		</typeDescription>

		<typeDescription>
			<name>opennlp.uima.Location</name>
			<supertypeName>uima.tcas.Annotation</supertypeName>
		</typeDescription>

		<typeDescription>
			<name>opennlp.uima.Date</name>
			<supertypeName>uima.tcas.Annotation</supertypeName>
		</typeDescription>

		<typeDescription>
			<name>opennlp.uima.Time</name>
			<supertypeName>uima.tcas.Annotation</supertypeName>
		</typeDescription>
		
		<typeDescription>
			<name>opennlp.uima.Money</name>
			<supertypeName>uima.tcas.Annotation</supertypeName>
		</typeDescription>
		
		<typeDescription>
			<name>opennlp.uima.Percentage</name>
			<supertypeName>uima.tcas.Annotation</supertypeName>
		</typeDescription>
		
		<typeDescription>
			<name>opennlp.uima.Parse</name>
			<supertypeName>uima.tcas.Annotation</supertypeName>
			<features>
				<featureDescription>
					<name>parseType</name>
					<description>Type of the parse node</description>
					<rangeTypeName>uima.cas.String</rangeTypeName>
				</featureDescription>
				<featureDescription>
					<name>children</name>
					<description>Leaf nodes</description>
					<rangeTypeName>uima.cas.FSArray</rangeTypeName>
				</featureDescription>
				<featureDescription>
					<name>prob</name>
					<description>Leaf nodes</description>
					<rangeTypeName>uima.cas.Double</rangeTypeName>
				</featureDescription>
			</features>
		</typeDescription>
	</types>
</typeSystemDescription>